{"cameraMode":{"drawMode":0,"name":"Shaded","section":"Shading Mode"},"sceneLighting":true,"audioPlay":false,"sceneViewState":{"showFog":true,"showMaterialUpdate":false,"showSkybox":true,"showFlares":true,"showImageEffects":true,"showParticleSystems":true},"in2DMode":false,"pivot":{"x":-37.983184814453128,"y":-49.844539642333987,"z":17.744441986083986},"rotation":{"x":-0.31541678309440615,"y":0.4740339517593384,"z":-0.18676507472991944,"w":-0.80058753490448},"size":46.757137298583987,"orthographic":false}